{"client":"Thunder Client","collectionName":"Backend teszt","dateExported":"2022-04-15T20:14:46.239Z","version":"1.1","folders":[],"requests":[{"_id":"d2c0a0c2-f57e-4c03-aee2-ac2fcec96da2","colId":"428c198e-b475-4309-8ba6-7cb1056a204d","containerId":"","name":"Get all","url":"http://localhost:5000/api/ingatlan","method":"GET","sortNum":10000,"created":"2022-04-15T20:03:11.507Z","modified":"2022-04-15T20:03:11.507Z","headers":[],"params":[],"tests":[]},{"_id":"c0c05abd-1fc3-4c93-8898-5947677e3c20","colId":"428c198e-b475-4309-8ba6-7cb1056a204d","containerId":"","name":"Create","url":"http://localhost:5000/api/ingatlan/","method":"POST","sortNum":30000,"created":"2022-04-15T20:03:11.510Z","modified":"2022-04-15T20:09:57.081Z","headers":[],"params":[],"body":{"type":"json","raw":" {\n    \"_id\": 123,\n    \"kategoria\": 1,\n    \"leiras\": \"Kertvárosi részén ..\",\n    \"hirdetesDatuma\": \"2022-02-21\",\n    \"tehermentes\": true,\n    \"ar\": 26990000,\n    \"kepUrl\": \"http://localhost:3000/adv01.jpg\"\n  }","form":[]},"tests":[]},{"_id":"64fd7cf2-529e-433b-9a6a-2df8ac8d1810","colId":"428c198e-b475-4309-8ba6-7cb1056a204d","containerId":"","name":"Delete by id","url":"http://localhost:5000/api/ingatlan/123","method":"DELETE","sortNum":50000,"created":"2022-04-15T20:03:11.512Z","modified":"2022-04-15T20:12:53.167Z","headers":[],"params":[],"tests":[]}]}
