{
    "client": "Thunder Client",
    "collectionName": "Backend teszt",
    "dateExported": "2022-03-22T21:33:12.286Z",
    "version": "1.1",
    "folders": [],
    "requests": [
        {
            "containerId": "",
            "sortNum": 10000,
            "headers": [
                {
                    "name": "Accept",
                    "value": "*/*"
                },
                {
                    "name": "User-Agent",
                    "value": "Thunder Client (https://www.thunderclient.com)"
                }
            ],
            "colId": "dfb85a91-b68e-40b1-a544-9787018d9ab9",
            "name": "Get all",
            "url": "http://localhost:5000/api/ingatlan",
            "method": "GET",
            "modified": "2022-03-22T21:29:40.026Z",
            "created": "2022-03-22T21:29:40.026Z",
            "_id": "c98c6a13-53b7-47dd-85ee-26b06c4ed905",
            "params": [],
            "tests": []
        },
        {
            "containerId": "",
            "sortNum": 20000,
            "headers": [
                {
                    "name": "Accept",
                    "value": "*/*"
                },
                {
                    "name": "User-Agent",
                    "value": "Thunder Client (https://www.thunderclient.com)"
                }
            ],
            "colId": "dfb85a91-b68e-40b1-a544-9787018d9ab9",
            "name": "Get by id",
            "url": "http://localhost:5000/api/ingatlan/123",
            "method": "GET",
            "modified": "2022-03-22T21:29:50.612Z",
            "created": "2022-03-22T21:29:40.026Z",
            "_id": "ec471605-865a-4367-accb-b830fc8d38db",
            "params": [],
            "tests": []
        },
        {
            "containerId": "",
            "sortNum": 30000,
            "headers": [
                {
                    "name": "Accept",
                    "value": "*/*"
                },
                {
                    "name": "User-Agent",
                    "value": "Thunder Client (https://www.thunderclient.com)"
                }
            ],
            "colId": "dfb85a91-b68e-40b1-a544-9787018d9ab9",
            "name": "Create",
            "url": "http://localhost:5000/api/ingatlan/",
            "method": "POST",
            "modified": "2022-03-22T21:30:44.680Z",
            "created": "2022-03-22T21:29:40.026Z",
            "_id": "01440d2c-2df5-40a4-a18a-30d1510dc5a3",
            "params": [],
            "body": {
                "type": "json",
                "raw": "{\n    \"_id\": 1234,\n    \"kategoria\": 1,\n    \"name\": \"Petőfi Sándor\",\n    \"description\": \"Minta leírás\",\n    \"isGlutenFree\": true,\n    \"prepTime\": 3.4,\n    \"minMaxExample\": 3,\n    \"enumExample\": \"Tea\",\n    \"customValidatorExample\": 100,\n    \"dateExample\": \"2056-01-01T00:00:00.000Z\"\n  }",
                "form": []
            },
            "tests": []
        },
        {
            "containerId": "",
            "sortNum": 40000,
            "headers": [
                {
                    "name": "Accept",
                    "value": "*/*"
                },
                {
                    "name": "User-Agent",
                    "value": "Thunder Client (https://www.thunderclient.com)"
                }
            ],
            "colId": "dfb85a91-b68e-40b1-a544-9787018d9ab9",
            "name": "Modify by id",
            "url": "http://localhost:5000/api/ingatlan/1234",
            "method": "PATCH",
            "modified": "2022-03-22T21:31:06.576Z",
            "created": "2022-03-22T21:29:40.026Z",
            "_id": "b3b53c61-1f32-49d4-b279-0d43a0faf7c0",
            "params": [],
            "body": {
                "type": "json",
                "raw": "{ \n   \"name\": \"Nagy Jenő\"\n}",
                "form": []
            },
            "tests": []
        },
        {
            "containerId": "",
            "sortNum": 50000,
            "headers": [
                {
                    "name": "Accept",
                    "value": "*/*"
                },
                {
                    "name": "User-Agent",
                    "value": "Thunder Client (https://www.thunderclient.com)"
                }
            ],
            "colId": "dfb85a91-b68e-40b1-a544-9787018d9ab9",
            "name": "Delete by id",
            "url": "http://localhost:5000/api/ingatlan/1234",
            "method": "DELETE",
            "modified": "2022-03-22T21:32:58.543Z",
            "created": "2022-03-22T21:29:40.026Z",
            "_id": "c02ee1fc-7771-49ee-92f2-de17607c4f62",
            "params": [],
            "tests": []
        }
    ]
}