{
  "advertisements": [
    {
      "id": 1,
      "categoryId": 2,
      "titleField": "Renault Trafic 1.9 dCi L1H2 Business",
      "descField": "A HŰTŐ HIBÁTLANUL MŰKÖDIK. Az autóhoz fél év szavatosság, és km igazolás jár. Az autó felszereltségének ellenőrzése megtekintéskor a vevő felelőssége, utólag kiderülő eltérésre semmilyen felelősséget nem áll módunkban vállalni!",
      "dateField": "2022-02-21",
      "boolField": true,
      "priceField": 999999,
      "imgField": "http://elit.jedlik.eu/nits/hahu/01.jpg"
    },
    {
      "id": 2,
      "categoryId": 3,
      "titleField": "BELARUS MTZ 82",
      "descField": "MTZ 82 traktor, eredeti piros. 1988évj. Piros rendszámmal, 1év műszakival. Feljavított sebességváltóval. Könnyű kormányzás. Azonnal munkára fogható állapotban. A traktorhoz tartozik külön homlokrakodó is ami külön is eladó esetleg. Cserébe 80 vagy 550 traktor érdekel. Szállítás is megoldható.",
      "dateField": "2022-01-02",
      "boolField": true,
      "priceField": 195000,
      "imgField": "http://elit.jedlik.eu/nits/hahu/02.jpg "
    },
    {
      "id": 3,
      "categoryId": 4,
      "titleField": "BMW K 1600 B Grand America",
      "descField": "Eladó egy BMW K1600-as Grand America! A motort 2018. novemberében márkakereskedésben vásároltam, amely még mindig GARANCIÁLIS. A motor full-full felszereltségű, így számos extrával rendelkezik, pl gyorsváltó + hátramenet, fűthető ülések, fűthető markolat, elektromosan állítható futómű, elektromosan állítható szélvédő, tempomat, ABS, DTC, ködlámpa, riasztó.",
      "dateField": "2021-01-01",
      "boolField": true,
      "priceField": 6990000,
      "imgField": "http://elit.jedlik.eu/nits/hahu/03.jpg"
    },
    {
      "id": 4,
      "categoryId": 5,
      "titleField": "Peugeot Boxer",
      "descField": "Eladó 15 személyes Peugeot Boxer! Műszaki vizsgája lejárt, a gépkocsi működőképes, bővebb információ telefonon.",
      "dateField": "2022-02-21",
      "boolField": true,
      "priceField": 250000,
      "imgField": "http://elit.jedlik.eu/nits/hahu/04.jpg"
    },
    {
      "id": 5,
      "categoryId": 6,
      "titleField": "Hobby T 65 HFL",
      "descField": "Kihasználatlanság miatt magánszemélytől eladó. Sok extrával mint például automata műholdvevő, Truma tetőklíma, négyes kerékpártartó, padlófűtés, méretre szabott padlószőnyeg, zárt elősátor, omnistor, nagy tárolós, téli gumi garnitúra, gázpalack, fülke takaró ponyva, tolató kamera, garázsban tartott, indító akkumulátorhoz beépített csepptöltő.",
      "dateField": "2022-02-15",
      "boolField": true,
      "priceField": 21990000,
      "imgField": "http://elit.jedlik.eu/nits/hahu/05.jpg"
    },
    {
      "id": 6,
      "categoryId": 7,
      "titleField": "JEANNEAU SUN ODYSSEY 319",
      "descField": "Sun Odyssey 319, 2020.05. Magyarországi első vízretétel, garanciális, tulajdonostól eladó! YANMAR 21LE motorral, Performance teljes latnis nagyvitorla X-Grid MYLAR TAFFETA anyagból, Performance roll Genoa X-Grid MYLAR TAFFETA anyagból, Lazy Jacks a nagyvitorlához, merev alba, német vitorlakezelési rendszer",
      "dateField": "2022-03-04",
      "boolField": true,
      "priceField": 51000000,
      "imgField": "http://elit.jedlik.eu/nits/hahu/06.jpg"
    },
    {
      "id": 7,
      "categoryId": 1,
      "titleField": "SUBARU IMPREZA 2.0 WRX STi Prodrive 340 Lóerő",
      "descField": "CarPáti Kft.-Gyári jobbos prodrive sti usa wrx karosszériában balositva! Laczkó Tibi programozta 340 le popcorn(ez a durrogás) 1.2 BAR turbónyomás 100 benyára írva. Blitz lefújószelep, Hks kihangosító, Hks Camp 2 beépítve. Mishimoto alu vízhűtő, 18.-as oz racing felnik, D1 Spec turbónyomás és olajhőfok műszer. Stabil megbízható utcai sportautó. Szakemberek keze munkája!",
      "dateField": "2022-02-02",
      "boolField": false,
      "priceField": 8900000,
      "imgField": "http://elit.jedlik.eu/nits/hahu/07.jpg"
    },
    {
      "id": 8,
      "categoryId": 1,
      "titleField": "SUBARU IMPREZA 2.0 WRX",
      "descField": "Eladó sorba került Subaru Impreza WRX autónk sajnos kihasználatlanság miatt és családi autóra cserélnénk! Friss szigorított műszaki vizsgán esett át miután a kormányt átszerelték baloldalra amiről minden hivatalos dokumentum megvan! Bővebben telefonon lehet érdeklődni! 165000 mérföld van benne! /",
      "dateField": "2022-02-03",
      "boolField": true,
      "priceField": 3000000,
      "imgField": "http://elit.jedlik.eu/nits/hahu/08.jpg"
    },
    {
      "id": 9,
      "categoryId": 3,
      "titleField": "ZETOR 5611",
      "descField": "3 személyes, üzemképes. Tekintse meg további jármű kínálatunkat honlapunkon vagy a, járművek ugyanitt menüpontban!",
      "dateField": "2022-03-03",
      "boolField": true,
      "priceField": 790000,
      "imgField": "http://elit.jedlik.eu/nits/hahu/09.jpg"
    },
    {
      "id": 10,
      "categoryId": 4,
      "titleField": "DUCATI PANIGALE V4 Ducati Panigale V4",
      "descField": "Azonnal elvihető 2 km futott gyári állapotú sportmotorkerékpár, friss műszaki vizsgával, garanciális, valamint szervíz, és törzskönyvvel.Belföldi számlával, akár export nettó áron örténő értékesítés!",
      "dateField": "2022-03-14",
      "boolField": true,
      "priceField": 9490000,
      "imgField": "http://elit.jedlik.eu/nits/hahu/10.jpg"
    },
    {
      "id": 13,
      "categoryId": 6,
      "titleField": "Knaus Hobby",
      "descField": "Korának megfelelő állapotban, érvényes műszakival, WC és fürdő nélkül, lopásgátlós vonóhoroggal, nem ázik be, nem büdös, nem dohányzós, fék felújítva. található rajta hiba egész biztos, de az az árat nem befolyásolja, azonnal elvihető és indulhat a kempingezés",
      "dateField": "2022-03-15",
      "boolField": true,
      "priceField": 920000,
      "imgField": "http://elit.jedlik.eu/nits/hahu/13.jpg"
    },
    {
      "id": 14,
      "categoryId": 1,
      "titleField": "AUDI A6 2.5 TDI quattro Tiptronic",
      "descField": "Magánkézből eladó Audi A6 2.5 V6 TDI (180 LE) QUATTRO automata váltós. Jó műszaki és szép esztétikai állapot jellemzi kívül-belül. Minden szervizt időben megkapott. Új féktárcsák és fékbetétek. Jó nyári - újszerű téli gumiabroncs garnitúrával adom. Audi tipikus rozsda látható mindkét első eredeti gyári sárvédőnél, szándékosan nem lett javíttatva.",
      "dateField": "2022-03-13",
      "boolField": false,
      "priceField": 1490000,
      "imgField": "http://elit.jedlik.eu/nits/hahu/14.jpg"
    },
    {
      "id": 15,
      "categoryId": 2,
      "titleField": "OPEL CORSA D Van 1.3 CDTI",
      "descField": "Az autó 2021 októberében lett teljeskörűen leszervízelve(kötelező szerviz + EGR szelep csere) azóta 6000 kilométert futott, korához képest megfelelő állapotban van. 1 szenzont futott nyári gumi + téli gumi az árban benne van. Kihasználatlanság miatt eladó.",
      "dateField": "2022-03-11",
      "boolField": true,
      "priceField": 760730,
      "imgField": "http://elit.jedlik.eu/nits/hahu/15.jpg"
    },
    {
      "id": 17,
      "categoryId": 4,
      "titleField": "SUR-RON LIGHT BEE X Sport",
      "descField": "Sur-Ron Light Bee X-Sport, elektromos motorkerékpár(off-road) hobbi és sport célra. Kezelhetősége egy mountainbike könnyedségével vetekszik köszönhetően a csupán 50 kg-os tömegének és a kerekek között tökéletesen elfelezett teherelosztásnak, amihez óriási pluszt ad a csúcskategóriájú futómű és a meglepően erős, nyomatékos motor. 60-70 km hatótáv (normál terepen, vezető súlyának és vezetési stílusának függvényében)",
      "dateField": "2022-02-01",
      "boolField": true,
      "priceField": 1570000,
      "imgField": "http://elit.jedlik.eu/nits/hahu/17.jpg"
    },
    {
      "id": 18,
      "categoryId": 5,
      "titleField": "SETRA  S-315 GT-HD",
      "descField": "Az autóbusz használatban van, kizárólag kirándulásokra! Nem csinált soha munkásjáratot! Folyamatosan szervízelve, mosva, takarítva van. 2003-ban helyezték forgalomba, azóta csak gondos gazdái voltak. Érvényes okmányokkal azonnal munkára fogható.",
      "dateField": "2022-03-16",
      "boolField": true,
      "priceField": 4800000,
      "imgField": "http://elit.jedlik.eu/nits/hahu/18.jpg"
    },
    {
      "id": 19,
      "categoryId": 6,
      "titleField": "ADRIA  Mátrix M 607 SL",
      "descField": "Eladó egy a képeken látható 2017-es Adria Matrix 670 SL típusú lakóautó. Félintegrált kivitel, 5 férőhellyel, hátul hosszanti irányban 2 ággyal, mely középen összeilleszthető, így akár 3 személy is kíválóan alszik rajta. Elől, a nappali részben egy elektromosan leereszthető 2 személyes hubbett ággyal, ill. a nappaliból is kialakítható 1 személyes mfekvőhely. WC és zuhanyzó külön kapott benne helyet a jobb, ill. a bal oldalon.",
      "dateField": "2022-03-14",
      "boolField": true,
      "priceField": 26950000,
      "imgField": "http://elit.jedlik.eu/nits/hahu/19.jpg"
    }
  ],
  "categories": [
    {
      "id": 1,
      "categoryNameField": "Személyautó"
    },
    {
      "id": 2,
      "categoryNameField": "Kishaszonjármű"
    },
    {
      "id": 3,
      "categoryNameField": "Munkagép"
    },
    {
      "id": 4,
      "categoryNameField": "Motorkerékpár"
    },
    {
      "id": 5,
      "categoryNameField": "Autóbusz"
    },
    {
      "id": 6,
      "categoryNameField": "Lakókocsi"
    },
    {
      "id": 7,
      "categoryNameField": "Hajó"
    }
  ]
}
